Cust ID,Cust Name,Product ID,Product Version Used
C1,John Doe,P1,V1
C2,Jane Smith,P1,V2
C3,Bob Johnson,P1,V2
C4,Alice Brown,P2,V1
C5,Emily Davis,P2,V1
C6,Michael Wilson,P2,V2
C7,Sarah Miller,P1,V1
C8,David Jones,P1,V1
C9,Linda Garcia,P2,V1
C10,William Martinez,P2,V2
C11,John Doe,P1,V1
C12,Jane Smith,P1,V2
C13,Bob Johnson,P1,V2
C14,John Doe,P1,V1
C15,Jane Smith,P1,V2
C16,Bob Johnson,P1,V2
C17,John Doe,P1,V1
C18,Jane Smith,P1,V2
C19,Bob Johnson,P1,V2
C20,John Doe,P1,V1
C21,Jane Smith,P1,V2
C22,Bob Johnson,P1,V2
C23,John Doe,P1,V1
C24,Alice Brown,P2,V1
C25,Emily Davis,P2,V1
C26,Michael Wilson,P2,V2
C27,John Doe,P1,V1
C28,Jane Smith,P1,V1
C29,Bob Johnson,P1,V1
C30,John Doe,P1,V1
C31,Jane Smith,P1,V1
C32,Bob Johnson,P1,V2
C33,John Doe,P1,V1
C34,Jane Smith,P1,V1
C35,Bob Johnson,P1,V2
C36,John Doe,P1,V1
C37,Jane Smith,P1,V1
C38,Bob Johnson,P1,V2
C39,John Doe,P1,V1
C40,Alice Brown,P2,V1
C41,Emily Davis,P2,V1
C42,Michael Wilson,P2,V1
C43,John Doe,P1,V2
C44,Jane Smith,P1,V2
C45,Bob Johnson,P1,V2
C46,Alice Brown,P2,V1
C47,Emily Davis,P2,V1
C48,Michael Wilson,P2,V2
C49,Sarah Miller,P1,V1
C50,David Jones,P1,V1
C51,Linda Garcia,P2,V1
C52,William Martinez,P2,V2
C53,John Doe,P1,V1
C54,Jane Smith,P1,V2
C55,Bob Johnson,P1,V2
C56,John Doe,P1,V2
C57,Jane Smith,P1,V2
C58,Bob Johnson,P1,V2
C59,John Doe,P1,V2
C60,Jane Smith,P1,V2
C61,Bob Johnson,P1,V2
C62,John Doe,P1,V1
C63,Jane Smith,P1,V2
C64,Bob Johnson,P1,V2
C65,John Doe,P1,V2
C66,Alice Brown,P2,V2
C67,Emily Davis,P2,V1
C68,Michael Wilson,P2,V2
C69,John Doe,P1,V2
C70,Jane Smith,P1,V2
C71,Bob Johnson,P1,V1
C72,John Doe,P1,V1
C73,Jane Smith,P1,V1
C74,Bob Johnson,P1,V2
C75,John Doe,P1,V2
C76,Jane Smith,P1,V2
C77,Bob Johnson,P1,V2
C78,John Doe,P1,V2
C79,Jane Smith,P1,V1
C80,Bob Johnson,P1,V2
C81,John Doe,P1,V2
C82,Alice Brown,P2,V2
C83,Emily Davis,P2,V1
C84,Michael Wilson,P2,V2
